book,character
Dune,Abulurd Harkonnen
Dune,Abulurd Rabban
Dune,Ali Ben Ohashi
Dune,Alia Atreides
Dune,Anirul Corrino
Dune,Aramsham
Dune,Arkie
Dune,Chalice Corrino
Dune,Chani Kynes
Dune,Chatt
Dune,Coss
Dune,Czigo
Dune,Drisq
Dune,Duncan Idaho
Dune,Elrood Corrino IX
Dune,Esmar Tuek
Dune,Farok
Dune,Farrukh
Dune,Fedor
Dune,Feyd-Rautha Harkonnen
Dune,Gaius Helen Mohiam
Dune,Geoff
Dune,Glossu Rabban Harkonnen
Dune,Gurney Halleck
Dune,Harah
Dune,Hasimir Fenring
Dune,Iakin Nefud
Dune,Irulan Corrino
Dune,Jamis
Dune,Jessica Atreides
Dune,Josifa Corrino
Dune,Kaleff
Dune,Kinet
Dune,Korba
Dune,Larus
Dune,Lemil
Dune,Leto Atreides IX
Dune,Liet Kynes
Dune,Lingar Bewt
Dune,Maometh
Dune,Mapes
Dune,Margot Fenring
Dune,Mattai
Dune,Mitha
Dune,Nisai
Dune,Orlop
Dune,Otheym
Dune,Pardee
Dune,Pardot Kynes
Dune,Piter de Vries
Dune,Ramallo
Dune,Rugi Corrino
Dune,Shaddam Corrino IV
Dune,Shimoon
Dune,Shishakli
Dune,Shoab
Dune,Soo-Soo
Dune,Staban Tuek
Dune,Stilgar
Dune,Subiay
Dune,Tharthar
Dune,Turok
Dune,Uliet
Dune,Umman Kudu
Dune,Vladimir Harkonnen
Dune,Wanna Marcus
Dune,Wensicia Corrino
Dune Messiah,Abumojandis
Dune Messiah,Bannerjee
Dune Messiah,Bijaz
Dune Messiah,Bikouros
Dune Messiah,Bronso of Ix
Dune Messiah,Cahueit
Dune Messiah,Dalamak
Dune Messiah,Dhuri
Dune Messiah,Djedida
Dune Messiah,Edric
Dune Messiah,Ghanima Atreides
Dune Messiah,Hayt
Dune Messiah,Hobars
Dune Messiah,Legg
Dune Messiah,Leto Atreides II
Dune Messiah,Lichna
Dune Messiah,Rajifiri
Dune Messiah,Rasir
Dune Messiah,Saajid
Dune Messiah,Scytale
Dune Messiah,Shishakli
Dune Messiah,Son of Farok
Dune Messiah,Tandis
Dune Messiah,Tasmin
Dune Messiah,Tecrube
Dune Messiah,Tibana
Dune Messiah,Umbu
Dune Messiah,Zaal
Children of Dune,Abedi Jalal
Children of Dune,Assan Tariq
Children of Dune,Behaleth
Children of Dune,Buer Agarves
Children of Dune,Choda
Children of Dune,Dalak
Children of Dune,Farad'n Corrino
Children of Dune,Georad
Children of Dune,Ghadhean al-Fali
Children of Dune,Harum
Children of Dune,Javid
Children of Dune,Kausar
Children of Dune,Lu Tung-pin
Children of Dune,Manri
Children of Dune,Melides
Children of Dune,Namri
Children of Dune,Mujahid Jafqat
Children of Dune,Muriz
Children of Dune,Palimbasha
Children of Dune,Essas Paymon
Children of Dune,Rajia
Children of Dune,Sabiha
Children of Dune,Sabit Rekush
Children of Dune,Sennacherib
Children of Dune,Shakir Ali
Children of Dune,Shakkad the Wise
Children of Dune,Sheba
Children of Dune,Stilgar
Children of Dune,Tagir Mohandis
Children of Dune,Thatta
Children of Dune,Tyekanik
Children of Dune,Yakup Abad
Children of Dune,Zebataleph
Children of Dune,Zia
Children of Dune,Ziamad
Children of Dune,Ziarenka Valefor